0, -1.1218e-12, 1.52153e-13, -1.25, -1.20103, 3.35619, -0.963028, -10.4604, -0.805951, 8.79096, -24.5108, -15.2138, 13.3711, 39.6964, -19.5696, -2.61678, 0.84032, -1.06206, 1.82233, -3.76021, -1.77263, -4.52494, 0,
0.1, -2.61952e-19, 1.63753e-18, -1.12639, -3.23178, -1.60219e-08, -3.119e-09, 3.54079, -1.35498e-08, -9.10119e-09, 3.20625, -1.87593, 0.0267591, 3.39908, -1.52325, 0.00803801, 3.20625, 1.87593, -0.0267591, -3.39908, 1.52325, -0.00803801, 1,
0.2, 2.22192e-14, 3.07976e-13, -1.01489, -3.14071, -6.95177e-06, -4.44648e-06, 3.72849, -3.3261e-06, -7.55218e-06, 2.38715, -1.57081, 0.753558, 3.17137, -1.60057, 6.59446e-06, 2.38714, 1.5708, -0.753566, -3.17137, 1.60057, -6.59351e-06, 2,
0.3, 1.53725e-13, -5.38048e-13, -0.926393, -2.77981, 0.00123645, 0.00166647, 3.58882, 0.000394142, 0.0020373, 2.9232, 0.572564, 0.261129, 3.37405, -3.96064, -0.217616, 2.92139, -0.574402, -0.255891, -3.37511, 3.9665, 0.215242, 3,
0.4, 4.96608e-15, 1.04511e-14, -0.869577, -3.64276, 2.71875e-05, -3.7862e-06, 4.59382, 6.97579e-06, 2.65487e-05, 3.28457, -4.1204, -0.423756, 9.78665, -5.62413, -0.2315, 3.28458, 4.12045, 0.423756, -9.78665, 5.62414, 0.231503, 4,
0.5, -2.16949e-14, -4.08832e-14, -0.85, 2.58534, -0.00690566, -0.0080775, -1.58534, 0.00797624, -0.00702238, -2.99078, -4.17194, -0.464559, 9.83737, -5.61901, -0.24312, -3.01543, 4.14412, 0.498007, -9.83129, 5.62847, 0.249486, 5,
0.6, 1.39491e-14, 2.93601e-14, -0.869577, -3.64276, 7.82991e-05, -1.08491e-05, 4.59382, 2.00354e-05, 7.64659e-05, 3.28457, -4.12036, -0.423756, 9.78665, -5.62413, -0.231497, 3.28458, 4.12049, 0.423756, -9.78665, 5.62414, 0.231506, 6,
0.7, 1.53725e-13, -5.38048e-13, -0.926393, -2.77981, 0.00123645, 0.00166647, 3.58882, 0.000394142, 0.0020373, 2.9232, 0.572564, 0.261129, 3.37405, -3.96064, -0.217616, 2.92139, -0.574402, -0.255891, -3.37511, 3.9665, 0.215242, 7,
0.8, -2.89013e-14, -4.88575e-13, -1.01489, -3.14071, 3.46639e-06, 2.21718e-06, 3.72849, 1.6585e-06, 3.76579e-06, 2.38714, -1.5708, 0.753564, 3.17137, -1.60057, 6.59365e-06, 2.38715, 1.57081, -0.75356, -3.17137, 1.60057, -6.59407e-06, 8,
0.9, -2.70767e-19, 1.41537e-18, -1.12639, -3.23178, -1.60242e-08, -3.119e-09, 3.54079, -1.35519e-08, -9.10208e-09, 3.20625, -1.87593, 0.0267591, 3.39908, -1.52325, 0.00803801, 3.20625, 1.87593, -0.0267591, -3.39908, 1.52325, -0.00803801, 9,
1, -1.13551e-12, 1.55285e-13, -1.25, -1.2009, 3.35649, -0.963307, -10.4602, -0.806032, 8.79044, -24.5109, -15.214, 13.3711, 39.6964, -19.5697, -2.61691, 0.84011, -1.06238, 1.82238, -3.76005, -1.77274, -4.52499, 10,
1.1, -4.34986e-17, -1.18304e-17, -1.37361, 3.54806, 1.77634e-06, -2.77663e-07, -3.85708, 1.15859e-06, -1.37482e-06, -3.4774, 2.22837, 0.0891917, -3.93634, 1.7099, 0.0544673, -3.4774, -2.22836, -0.0891889, 3.93634, -1.7099, -0.0544673, 11,
1.2, 1.69944e-19, -3.8347e-19, -1.48511, 3.08204, 1.55803e-07, -1.03428e-07, -3.66983, 8.24374e-08, -1.67857e-07, 0.0613205, 1.0947, 3.14359, -4.1551, 2.10821, 0.000913452, 0.0613202, -1.0947, -3.14359, 4.1551, -2.10821, -0.000913451, 12,
1.3, 3.59696e-18, 4.65823e-19, -1.57361, 2.27391, -1.60239e-06, 1.4762e-06, -3.08292, -1.68619e-06, 1.37971e-06, 1.27441, 1.19951, 3.57458, -4.45599, 2.54548, 0.152827, 1.27441, -1.1995, -3.57458, 4.45599, -2.54548, -0.152827, 13,
1.4, 2.55502e-15, -1.3049e-14, -1.63042, 2.60754, -0.00329653, 0.00108459, -3.5586, -0.00257475, 0.00232682, 0.636243, 1.06996, 3.25818, -10.8251, 2.46977, 0.0551404, 0.632611, -1.06422, -3.25398, 10.8237, -2.46924, -0.0551878, 14,
1.5, -4.93731e-17, -6.14731e-17, -1.65, 3.12284, -0.000855394, -0.000117197, -4.12284, -0.000573001, 0.000645836, 0.0185223, 5.42802, 3.1419, -8.00964, 4.01203, 6.7637e-05, 0.0188291, -5.42639, -3.14149, 8.00949, -4.01196, -6.76309e-05, 15,
1.6, 1.65043e-15, -8.46499e-15, -1.63042, 2.60753, -0.00215232, 0.000713575, -3.55859, -0.00167889, 0.00152415, 0.635617, 1.06897, 3.25745, -10.8249, 2.46968, 0.0551512, 0.633263, -1.06522, -3.25472, 10.824, -2.46933, -0.0551824, 16,
1.7, 2.06376e-18, 2.31836e-20, -1.57361, 2.27391, -9.54439e-07, 9.19956e-07, -3.08292, -1.00674e-06, 8.6241e-07, 1.27441, 1.19951, 3.57458, -4.45599, 2.54548, 0.152827, 1.27441, -1.19951, -3.57458, 4.45599, -2.54548, -0.152827, 17,
1.8, -8.25816e-20, 2.23146e-19, -1.48511, 3.08204, -9.56453e-08, 6.34194e-08, -3.66983, -5.06445e-08, 1.02981e-07, 0.0613202, 1.0947, 3.14359, -4.1551, 2.10821, 0.000913452, 0.0613205, -1.0947, -3.14359, 4.1551, -2.10821, -0.000913452, 18,
1.9, -6.07552e-17, -1.64958e-17, -1.37361, 3.54806, 2.48061e-06, -3.8946e-07, -3.85708, 1.61682e-06, -1.9212e-06, -3.4774, 2.22837, 0.0891923, -3.93634, 1.7099, 0.0544673, -3.4774, -2.22836, -0.0891884, 3.93634, -1.7099, -0.0544673, 19,
2, 7.38639e-13, -3.21539e-13, -1.25, -1.09802, 2.55827, -1.05458, -9.95209, -1.11542, 9.0671, -23.9564, -15.0226, 13.1034, 39.5545, -19.6848, -2.37829, 0.852276, -0.730913, 2.60412, -4.01312, -1.26649, -4.54788, 20,
2.1, -4.42324e-19, 1.16519e-18, -1.12639, -3.23178, -1.51814e-08, -2.96868e-09, 3.54079, -1.28338e-08, -8.636e-09, 3.20625, -1.87593, 0.0267591, 3.39908, -1.52325, 0.00803801, 3.20625, 1.87593, -0.0267591, -3.39908, 1.52325, -0.00803801, 21,
2.2, 1.67331e-14, 2.31999e-13, -1.01489, -3.14071, -5.23668e-06, -3.34948e-06, 3.72849, -2.50551e-06, -5.68896e-06, 2.38715, -1.57081, 0.753559, 3.17137, -1.60057, 6.59427e-06, 2.38714, 1.5708, -0.753565, -3.17137, 1.60057, -6.59356e-06, 22,
2.3, -1.58409e-13, 5.5444e-13, -0.926393, -2.77981, -0.00139385, -0.00178516, 3.58883, -0.000484727, -0.00221238, 2.92134, 0.574403, 0.255721, 3.37515, -3.96671, -0.215156, 2.92326, -0.572569, -0.261296, -3.37401, 3.96043, 0.217699, 23,
2.4, 4.96608e-15, 1.04511e-14, -0.869577, -3.64276, 2.71875e-05, -3.7862e-06, 4.59382, 6.97579e-06, 2.65487e-05, 3.28457, -4.1204, -0.423756, 9.78665, -5.62413, -0.2315, 3.28458, 4.12045, 0.423756, -9.78665, 5.62414, 0.231503, 24,
2.5, -2.16949e-14, -4.08832e-14, -0.85, 2.58534, -0.00690566, -0.0080775, -1.58534, 0.00797624, -0.00702238, -2.99078, -4.17194, -0.464559, 9.83737, -5.61901, -0.24312, -3.01543, 4.14412, 0.498007, -9.83129, 5.62847, 0.249486, 25,
2.6, 1.39491e-14, 2.93601e-14, -0.869577, -3.64276, 7.82991e-05, -1.08491e-05, 4.59382, 2.00354e-05, 7.64659e-05, 3.28457, -4.12036, -0.423756, 9.78665, -5.62413, -0.231497, 3.28458, 4.12049, 0.423756, -9.78665, 5.62414, 0.231506, 26,
2.7, 1.16443e-13, -4.07558e-13, -0.926393, -2.7798, 0.00102195, 0.00131097, 3.58882, 0.000354495, 0.001624, 2.923, 0.572799, 0.260563, 3.37417, -3.96126, -0.217368, 2.92159, -0.574149, -0.256468, -3.375, 3.96587, 0.2155, 27,
2.8, -2.64158e-14, -4.46481e-13, -1.01489, -3.14071, 3.16779e-06, 2.02619e-06, 3.72849, 1.51563e-06, 3.4414e-06, 2.38714, -1.5708, 0.753564, 3.17137, -1.60057, 6.59366e-06, 2.38715, 1.57081, -0.75356, -3.17137, 1.60057, -6.59405e-06, 28,
2.9, -5.51142e-19, 9.17701e-19, -1.12639, -3.23178, -1.44212e-08, -2.90664e-09, 3.54079, -1.21575e-08, -8.28336e-09, 3.20625, -1.87593, 0.0267591, 3.39908, -1.52325, 0.00803801, 3.20625, 1.87593, -0.0267591, -3.39908, 1.52325, -0.00803801, 29,
3, -1.39423e-15, -1.21514e-16, -1.25, -1.1672, 3.19151, -1.64337, -3.02199, -1.16466, 1.38644, -14.7972, -12.9061, 3.48995, 39.6755, -19.8592, -2.70734, -0.0624669, -0.114624, 0.0746034, -3.60932, 1.75379, -1.56661, 30,
3.1, -7.42722e-18, -1.99027e-18, -1.37361, 3.54806, 3.01216e-07, -5.28296e-08, -3.85708, 1.92695e-07, -2.37468e-07, -3.4774, 2.22837, 0.0891906, -3.93634, 1.7099, 0.0544673, -3.4774, -2.22837, -0.0891901, 3.93634, -1.7099, -0.0544673, 31,
3.2, 6.74417e-20, -1.55166e-19, -1.48511, 3.08204, 7.35055e-08, -4.88333e-08, -3.66983, 3.88739e-08, -7.92247e-08, 0.0613204, 1.0947, 3.14359, -4.1551, 2.10821, 0.000913452, 0.0613203, -1.0947, -3.14359, 4.1551, -2.10821, -0.000913452, 32,
3.3, 3.22891e-18, 3.85599e-19, -1.57361, 2.27391, -1.43241e-06, 1.32398e-06, -3.08292, -1.50758e-06, 1.23771e-06, 1.27441, 1.19951, 3.57458, -4.45599, 2.54548, 0.152827, 1.27441, -1.1995, -3.57458, 4.45599, -2.54548, -0.152827, 33,
3.4, 2.5542e-15, -1.30446e-14, -1.63042, 2.60754, -0.00329548, 0.00108428, -3.5586, -0.00257392, 0.00232612, 0.636242, 1.06996, 3.25818, -10.8251, 2.46977, 0.0551404, 0.632612, -1.06422, -3.25398, 10.8237, -2.46924, -0.0551877, 34,
3.5, -4.93731e-17, -6.14731e-17, -1.65, 3.12284, -0.000855394, -0.000117197, -4.12284, -0.000573001, 0.000645836, 0.0185223, 5.42802, 3.1419, -8.00964, 4.01203, 6.7637e-05, 0.0188291, -5.42639, -3.14149, 8.00949, -4.01196, -6.76309e-05, 35,
3.6, 8.25552e-16, -4.24286e-15, -1.63042, 2.60752, -0.0010824, 0.000360273, -3.55858, -0.000843737, 0.000767778, 0.635037, 1.06804, 3.25677, -10.8247, 2.4696, 0.0551605, 0.633857, -1.06615, -3.2554, 10.8242, -2.46942, -0.0551762, 36,
3.7, -2.66693e-18, -4.6178e-19, -1.57361, 2.27391, 1.1621e-06, -1.04969e-06, -3.08292, 1.22165e-06, -9.79744e-07, 1.27441, 1.19951, 3.57458, -4.45599, 2.54548, 0.152827, 1.27441, -1.19951, -3.57458, 4.45599, -2.54548, -0.152827, 37,
3.8, -4.39437e-19, 1.0781e-18, -1.48511, 3.08204, -4.55207e-07, 3.0199e-07, -3.66983, -2.40955e-07, 4.90257e-07, 0.0613198, 1.0947, 3.14359, -4.1551, 2.10821, 0.000913451, 0.0613209, -1.0947, -3.14359, 4.1551, -2.10821, -0.000913452, 38,
3.9, -7.67132e-17, -2.08838e-17, -1.37361, 3.54806, 3.13471e-06, -4.88412e-07, -3.85708, 2.04561e-06, -2.42497e-06, -3.4774, 2.22837, 0.0891928, -3.93634, 1.7099, 0.0544673, -3.4774, -2.22836, -0.0891879, 3.93634, -1.7099, -0.0544673, 39,
4, 5.1278e-13, -2.28622e-13, -1.25, -0.415381, -0.781463, -1.67684, 0.744203, -0.488704, 1.656, -2.94857, -2.16803, 7.1952, 9.88413, -4.22552, -2.01339, -0.450742, 0.285208, -0.987729, -2.14527, 0.754355, 2.79272, 40,
4.1, -8.27688e-19, 1.83036e-18, -1.12639, -3.23178, -2.206e-08, -4.25241e-09, 3.54079, -1.86726e-08, -1.24924e-08, 3.20625, -1.87593, 0.0267591, 3.39908, -1.52325, 0.00803801, 3.20625, 1.87593, -0.0267591, -3.39908, 1.52325, -0.00803801, 41,
4.2, 2.47801e-14, 3.435e-13, -1.01489, -3.14071, -7.75357e-06, -4.95932e-06, 3.72849, -3.70972e-06, -8.42322e-06, 2.38715, -1.57081, 0.753558, 3.17137, -1.60057, 6.59455e-06, 2.38714, 1.5708, -0.753566, -3.17137, 1.60057, -6.5935e-06, 42,
4.3, -1.5836e-13, 5.54272e-13, -0.926393, -2.77981, -0.00139372, -0.00178478, 3.58883, -0.000484772, -0.00221199, 2.92134, 0.574402, 0.255722, 3.37515, -3.96671, -0.215156, 2.92326, -0.572569, -0.261296, -3.37401, 3.96043, 0.217699, 43,
4.4, -7.98777e-15, -1.68107e-14, -0.869577, -3.64276, -4.38948e-05, 6.1082e-06, 4.59382, -1.12579e-05, -4.2864e-05, 3.28458, -4.12046, -0.423756, 9.78665, -5.62414, -0.231504, 3.28457, 4.12039, 0.423756, -9.78665, 5.62413, 0.231499, 44,
4.5, -2.16949e-14, -4.08832e-14, -0.85, 2.58534, -0.00690566, -0.0080775, -1.58534, 0.00797624, -0.00702238, -2.99078, -4.17194, -0.464559, 9.83737, -5.61901, -0.24312, -3.01543, 4.14412, 0.498007, -9.83129, 5.62847, 0.249486, 45,
4.6, 8.04114e-15, 1.69251e-14, -0.869577, -3.64276, 4.53977e-05, -6.28299e-06, 4.59382, 1.16093e-05, 4.43357e-05, 3.28457, -4.12039, -0.423756, 9.78665, -5.62413, -0.231499, 3.28458, 4.12046, 0.423756, -9.78665, 5.62414, 0.231504, 46,
4.7, -2.15135e-13, 7.52984e-13, -0.926393, -2.77983, -0.00180306, -0.00237248, 3.58885, -0.000599642, -0.00291893, 2.92103, 0.574774, 0.254779, 3.37533, -3.96776, -0.214726, 2.92359, -0.572241, -0.262214, -3.37382, 3.95942, 0.218106, 47,
4.8, 4.66599e-14, 6.4678e-13, -1.01489, -3.14071, -1.4599e-05, -9.33781e-06, 3.72849, -6.98495e-06, -1.58599e-05, 2.38715, -1.57082, 0.753554, 3.17136, -1.60057, 6.59554e-06, 2.38714, 1.57079, -0.75357, -3.17137, 1.60057, -6.59356e-06, 48,
4.9, -1.0288e-18, 2.8564e-18, -1.12639, -3.23178, -3.26098e-08, -6.32749e-09, 3.54079, -2.75864e-08, -1.85048e-08, 3.20625, -1.87593, 0.0267591, 3.39908, -1.52325, 0.00803801, 3.20625, 1.87593, -0.0267591, -3.39908, 1.52325, -0.00803801, 49,
5, -1.74183e-15, 9.65158e-16, -1.25, 0.39231, 2.09838, -1.39555, -2.07017, 0.239551, 1.66128, 1.68639, -0.43449, 1.77966, -8.42693, 4.67529, 0.509581, -2.35871, 0.696825, -0.586787, -2.48157, 1.95884, 2.11365, 50,
5.1, -4.45478e-17, -1.21365e-17, -1.37361, 3.54806, 1.81927e-06, -2.85406e-07, -3.85708, 1.18591e-06, -1.40883e-06, -3.4774, 2.22837, 0.0891918, -3.93634, 1.7099, 0.0544673, -3.4774, -2.22836, -0.0891889, 3.93634, -1.7099, -0.0544673, 51,
5.2, 2.05565e-19, -4.97568e-19, -1.48511, 3.08204, 2.17582e-07, -1.44232e-07, -3.66983, 1.15231e-07, -2.34236e-07, 0.0613206, 1.0947, 3.14359, -4.1551, 2.10821, 0.000913452, 0.0613201, -1.0947, -3.14359, 4.1551, -2.10821, -0.000913451, 52,
5.3, -4.60431e-18, -1.19657e-18, -1.57361, 2.27391, 1.9825e-06, -1.72959e-06, -3.08292, 2.0805e-06, -1.61038e-06, 1.27441, 1.1995, 3.57458, -4.45599, 2.54548, 0.152827, 1.27441, -1.19951, -3.57458, 4.45599, -2.54548, -0.152827, 53,
5.4, 2.5542e-15, -1.30446e-14, -1.63042, 2.60754, -0.00329548, 0.00108428, -3.5586, -0.00257392, 0.00232612, 0.636242, 1.06996, 3.25818, -10.8251, 2.46977, 0.0551404, 0.632612, -1.06422, -3.25398, 10.8237, -2.46924, -0.0551877, 54,
5.5, -4.93731e-17, -6.14731e-17, -1.65, 3.12284, -0.000855394, -0.000117197, -4.12284, -0.000573001, 0.000645836, 0.0185223, 5.42802, 3.1419, -8.00964, 4.01203, 6.7637e-05, 0.0188291, -5.42639, -3.14149, 8.00949, -4.01196, -6.76309e-05, 55,
5.6, 8.25552e-16, -4.24286e-15, -1.63042, 2.60752, -0.0010824, 0.000360273, -3.55858, -0.000843737, 0.000767778, 0.635037, 1.06804, 3.25677, -10.8247, 2.4696, 0.0551605, 0.633857, -1.06615, -3.2554, 10.8242, -2.46942, -0.0551762, 56,
5.7, -2.65806e-18, -5.45319e-19, -1.57361, 2.27391, 1.15094e-06, -1.0277e-06, -3.08292, 1.20922e-06, -9.58443e-07, 1.27441, 1.19951, 3.57458, -4.45599, 2.54548, 0.152827, 1.27441, -1.19951, -3.57458, 4.45599, -2.54548, -0.152827, 57,
5.8, -6.55098e-19, 1.57836e-18, -1.48511, 3.08204, -6.68524e-07, 4.4348e-07, -3.66983, -3.53884e-07, 7.19976e-07, 0.0613196, 1.0947, 3.14358, -4.1551, 2.10821, 0.000913451, 0.0613211, -1.0947, -3.14359, 4.1551, -2.10821, -0.000913452, 58,
5.9, -3.06594e-17, -8.27112e-18, -1.37361, 3.54806, 1.24974e-06, -1.98478e-07, -3.85708, 8.13069e-07, -9.69615e-07, -3.4774, 2.22837, 0.0891913, -3.93634, 1.7099, 0.0544673, -3.4774, -2.22836, -0.0891893, 3.93634, -1.7099, -0.0544673, 59,
6, 5.39614e-13, -2.35986e-13, -1.25, -0.416652, -0.778731, -1.67299, 0.742769, -0.487152, 1.65306, -2.94591, -2.16472, 7.18492, 9.88481, -4.22778, -2.00839, -0.452116, 0.283604, -0.989383, -2.1436, 0.754267, 2.79136, 60,
6.1, -2.76136e-19, 9.94531e-19, -1.12639, -3.23178, -1.02311e-08, -2.03529e-09, 3.54079, -8.63553e-09, -5.8519e-09, 3.20625, -1.87593, 0.0267591, 3.39908, -1.52325, 0.00803801, 3.20625, 1.87593, -0.0267591, -3.39908, 1.52325, -0.00803801, 61,
6.2, 1.904e-14, 2.63831e-13, -1.01489, -3.14071, -5.95523e-06, -3.80907e-06, 3.72849, -2.8493e-06, -6.46957e-06, 2.38715, -1.57081, 0.753559, 3.17137, -1.60057, 6.59434e-06, 2.38714, 1.5708, -0.753565, -3.17137, 1.60057, -6.59354e-06, 62,
6.3, -1.00456e-13, 3.51602e-13, -0.926393, -2.77979, -0.00080172, -0.00108564, 3.58881, -0.000253377, -0.00132558, 2.9217, 0.57407, 0.256812, 3.37493, -3.96547, -0.215664, 2.92288, -0.572865, -0.260226, -3.37424, 3.96165, 0.217211, 63,
6.4, -1.43013e-14, -3.00993e-14, -0.869577, -3.64276, -7.92373e-05, 1.10079e-05, 4.59382, -2.03041e-05, -7.73787e-05, 3.28458, -4.12049, -0.423756, 9.78665, -5.62414, -0.231506, 3.28457, 4.12036, 0.423756, -9.78665, 5.62413, 0.231497, 64,
6.5, -2.16949e-14, -4.08832e-14, -0.85, 2.58534, -0.00690566, -0.0080775, -1.58534, 0.00797624, -0.00702238, -2.99078, -4.17194, -0.464559, 9.83737, -5.61901, -0.24312, -3.01543, 4.14412, 0.498007, -9.83129, 5.62847, 0.249486, 65,
6.6, -6.77996e-15, -1.42688e-14, -0.869577, -3.64276, -3.70434e-05, 5.16096e-06, 4.59382, -9.50682e-06, -3.61728e-05, 3.28458, -4.12046, -0.423756, 9.78665, -5.62414, -0.231504, 3.28457, 4.12039, 0.423756, -9.78665, 5.62413, 0.231499, 66,
6.7, 1.26833e-13, -4.45858e-13, -0.926393, -2.77979, 5.64485e-06, 2.99878e-05, 3.5888, -7.87859e-06, 2.94798e-05, 2.9223, 0.573425, 0.258576, 3.37458, -3.9635, -0.216465, 2.92227, -0.57349, -0.258473, -3.3746, 3.96361, 0.216422, 67,
6.8, 3.76089e-14, 4.65277e-13, -1.01489, -3.14071, -2.45337e-05, -1.56922e-05, 3.72849, -1.17383e-05, -2.66526e-05, 2.38716, -1.57083, 0.753549, 3.17136, -1.60057, 6.59758e-06, 2.38713, 1.57078, -0.753575, -3.17138, 1.60057, -6.59418e-06, 68,
6.9, -9.31166e-19, 2.91413e-18, -1.12639, -3.23178, -3.48991e-08, -6.77942e-09, 3.54079, -2.952e-08, -1.9811e-08, 3.20625, -1.87593, 0.0267591, 3.39908, -1.52325, 0.00803801, 3.20625, 1.87593, -0.0267591, -3.39908, 1.52325, -0.00803801, 69,
7, -1.15409e-15, 5.73945e-16, -1.25, 0.39298, 2.09545, -1.38064, -2.06564, 0.226861, 1.66812, 1.68438, -0.424068, 1.78984, -8.42411, 4.67533, 0.517446, -2.34594, 0.687965, -0.569729, -2.4746, 1.95132, 2.11003, 70,
7.1, -1.75582e-17, -4.76279e-18, -1.37361, 3.54806, 7.16909e-07, -1.14743e-07, -3.85708, 4.65834e-07, -5.56887e-07, -3.4774, 2.22837, 0.0891909, -3.93634, 1.7099, 0.0544673, -3.4774, -2.22836, -0.0891898, 3.93634, -1.7099, -0.0544673, 71,
7.2, -5.54209e-19, 1.28841e-18, -1.48511, 3.08204, -5.53345e-07, 3.67004e-07, -3.66983, -2.92949e-07, 5.95872e-07, 0.0613197, 1.0947, 3.14359, -4.1551, 2.10821, 0.000913451, 0.061321, -1.0947, -3.14359, 4.1551, -2.10821, -0.000913452, 72,
7.3, -1.25722e-18, -5.2859e-19, -1.57361, 2.27391, 5.08438e-07, -4.05698e-07, -3.08292, 5.31351e-07, -3.75188e-07, 1.27441, 1.19951, 3.57458, -4.45599, 2.54548, 0.152827, 1.27441, -1.19951, -3.57458, 4.45599, -2.54548, -0.152827, 73,
7.4, -5.72321e-16, 2.90096e-15, -1.63042, 2.60752, 0.000728973, -0.000238713, -3.55858, 0.000569831, -0.000513496, 0.634043, 1.06646, 3.25562, -10.8243, 2.46945, 0.0551735, 0.634849, -1.06773, -3.25655, 10.8246, -2.46957, -0.0551631, 74,
7.5, -4.93731e-17, -6.14731e-17, -1.65, 3.12284, -0.000855394, -0.000117197, -4.12284, -0.000573001, 0.000645836, 0.0185223, 5.42802, 3.1419, -8.00964, 4.01203, 6.7637e-05, 0.0188291, -5.42639, -3.14149, 8.00949, -4.01196, -6.76309e-05, 75,
7.6, 7.51615e-16, -3.86865e-15, -1.63042, 2.60752, -0.000988563, 0.000329616, -3.55858, -0.000770359, 0.000701748, 0.63498, 1.06796, 3.2567, -10.8246, 2.46959, 0.0551606, 0.633905, -1.06623, -3.25546, 10.8242, -2.46943, -0.055175, 76,
7.7, 1.61221e-18, 2.43825e-19, -1.57361, 2.27391, -7.11572e-07, 6.49609e-07, -3.08292, -7.48437e-07, 6.06769e-07, 1.27441, 1.19951, 3.57458, -4.45599, 2.54548, 0.152827, 1.27441, -1.19951, -3.57458, 4.45599, -2.54548, -0.152827, 77,
7.8, -3.63606e-19, 8.7001e-19, -1.48511, 3.08204, -3.83913e-07, 2.54673e-07, -3.66983, -2.03226e-07, 4.13457e-07, 0.0613199, 1.0947, 3.14359, -4.1551, 2.10821, 0.000913451, 0.0613208, -1.0947, -3.14359, 4.1551, -2.10821, -0.000913452, 78,
7.9, -9.50167e-17, -2.58372e-17, -1.37361, 3.54806, 3.88015e-06, -6.06709e-07, -3.85708, 2.53064e-06, -3.00325e-06, -3.4774, 2.22837, 0.0891934, -3.93634, 1.7099, 0.0544673, -3.4774, -2.22836, -0.0891873, 3.93634, -1.7099, -0.0544673, 79,
8, 4.34222e-13, -2.10174e-13, -1.25, -0.409485, -0.787199, -1.69277, 0.744477, -0.494107, 1.6685, -2.96493, -2.17799, 7.23263, 9.88029, -4.21866, -2.0281, -0.447759, 0.290971, -0.980863, -2.15046, 0.756227, 2.798, 80,
8.1, -3.2161e-19, 5.7841e-20, -1.12639, -3.23178, -4.25716e-09, -9.62735e-10, 3.54079, -3.54823e-09, -2.54172e-09, 3.20625, -1.87593, 0.0267591, 3.39908, -1.52325, 0.00803801, 3.20625, 1.87593, -0.0267591, -3.39908, 1.52325, -0.00803801, 81,
8.2, 4.13931e-14, 5.12036e-13, -1.01489, -3.14071, -2.69994e-05, -1.72693e-05, 3.72849, -1.2918e-05, -2.93312e-05, 2.38716, -1.57083, 0.753547, 3.17136, -1.60057, 6.59819e-06, 2.38713, 1.57078, -0.753576, -3.17138, 1.60057, -6.59445e-06, 82,
8.3, -7.28163e-14, 2.54861e-13, -0.926393, -2.77979, -0.000551377, -0.00077003, 3.58881, -0.000164148, -0.000932747, 2.92187, 0.573905, 0.257308, 3.37483, -3.96491, -0.215893, 2.92271, -0.573017, -0.259738, -3.37434, 3.9622, 0.21699, 83,
8.4, -1.43013e-14, -3.00993e-14, -0.869577, -3.64276, -7.92373e-05, 1.10079e-05, 4.59382, -2.03041e-05, -7.73787e-05, 3.28458, -4.12049, -0.423756, 9.78665, -5.62414, -0.231506, 3.28457, 4.12036, 0.423756, -9.78665, 5.62413, 0.231497, 84,
8.5, -2.16949e-14, -4.08832e-14, -0.85, 2.58534, -0.00690566, -0.0080775, -1.58534, 0.00797624, -0.00702238, -2.99078, -4.17194, -0.464559, 9.83737, -5.61901, -0.24312, -3.01543, 4.14412, 0.498007, -9.83129, 5.62847, 0.249486, 85,
8.6, -6.77996e-15, -1.42688e-14, -0.869577, -3.64276, -3.70434e-05, 5.16096e-06, 4.59382, -9.50682e-06, -3.61728e-05, 3.28458, -4.12046, -0.423756, 9.78665, -5.62414, -0.231504, 3.28457, 4.12039, 0.423756, -9.78665, 5.62413, 0.231499, 86,
8.7, 1.2115e-13, -4.24034e-13, -0.926393, -2.7798, 0.00100925, 0.0013333, 3.58882, 0.00033339, 0.00163863, 2.92301, 0.572757, 0.260606, 3.37416, -3.96122, -0.217385, 2.92157, -0.574188, -0.256426, -3.37501, 3.96591, 0.215485, 87,
8.8, 2.52279e-14, 3.49557e-13, -1.01489, -3.14071, -7.89014e-06, -5.04668e-06, 3.72849, -3.77506e-06, -8.57159e-06, 2.38715, -1.57081, 0.753558, 3.17137, -1.60057, 6.59457e-06, 2.38714, 1.5708, -0.753566, -3.17137, 1.60057, -6.5935e-06, 88,
8.9, -5.58859e-19, 1.53225e-18, -1.12639, -3.23178, -1.83562e-08, -3.64497e-09, 3.54079, -1.54962e-08, -1.04931e-08, 3.20625, -1.87593, 0.0267591, 3.39908, -1.52325, 0.00803801, 3.20625, 1.87593, -0.0267591, -3.39908, 1.52325, -0.00803801, 89,
9, -1.18635e-15, 5.73857e-16, -1.25, 0.39298, 2.09545, -1.38064, -2.06564, 0.226858, 1.66812, 1.68438, -0.424066, 1.78985, -8.42411, 4.67533, 0.517448, -2.34594, 0.687962, -0.569727, -2.4746, 1.95132, 2.11003, 90,
9.1, 4.9764e-18, 1.37379e-18, -1.37361, 3.54806, -2.04761e-07, 2.85318e-08, -3.85708, -1.35831e-07, 1.55855e-07, -3.4774, 2.22837, 0.0891902, -3.93634, 1.7099, 0.0544673, -3.4774, -2.22837, -0.0891905, 3.93634, -1.7099, -0.0544673, 91,
9.2, -5.50779e-19, 1.30599e-18, -1.48511, 3.08204, -5.52913e-07, 3.66717e-07, -3.66983, -2.92721e-07, 5.95407e-07, 0.0613197, 1.0947, 3.14359, -4.1551, 2.10821, 0.000913451, 0.061321, -1.0947, -3.14359, 4.1551, -2.10821, -0.000913452, 92,
9.3, 2.87396e-19, 6.19902e-20, -1.57361, 2.27391, -1.38399e-07, 1.27468e-07, -3.08292, -1.45635e-07, 1.19133e-07, 1.27441, 1.19951, 3.57458, -4.45599, 2.54548, 0.152827, 1.27441, -1.19951, -3.57458, 4.45599, -2.54548, -0.152827, 93,
9.4, 5.86933e-15, -3.01053e-14, -1.63042, 2.6076, -0.00754616, 0.0024499, -3.55868, -0.00590686, 0.00529676, 0.638581, 1.07364, 3.26096, -10.826, 2.47007, 0.055096, 0.630165, -1.0605, -3.25123, 10.8228, -2.46888, -0.055203, 94,
9.5, -4.93731e-17, -6.14731e-17, -1.65, 3.12284, -0.000855394, -0.000117197, -4.12284, -0.000573001, 0.000645836, 0.0185223, 5.42802, 3.1419, -8.00964, 4.01203, 6.7637e-05, 0.0188291, -5.42639, -3.14149, 8.00949, -4.01196, -6.76309e-05, 95,
9.6, 6.2455e-15, -3.22728e-14, -1.63042, 2.60761, -0.00813515, 0.00265494, -3.5587, -0.00636222, 0.00572292, 0.638875, 1.07415, 3.26132, -10.8261, 2.47011, 0.0550885, 0.629846, -1.05998, -3.25088, 10.8227, -2.46882, -0.0552044, 96,
9.7, -2.62728e-18, -5.43051e-19, -1.57361, 2.27391, 1.15104e-06, -1.02775e-06, -3.08292, 1.20932e-06, -9.58492e-07, 1.27441, 1.19951, 3.57458, -4.45599, 2.54548, 0.152827, 1.27441, -1.19951, -3.57458, 4.45599, -2.54548, -0.152827, 97,
9.8, -1.77566e-19, 3.95627e-19, -1.48511, 3.08204, -1.74465e-07, 1.15701e-07, -3.66983, -9.23708e-08, 1.87863e-07, 0.0613202, 1.0947, 3.14359, -4.1551, 2.10821, 0.000913451, 0.0613206, -1.0947, -3.14359, 4.1551, -2.10821, -0.000913452, 98,
9.9, -4.34986e-17, -1.18304e-17, -1.37361, 3.54806, 1.77634e-06, -2.77663e-07, -3.85708, 1.15859e-06, -1.37482e-06, -3.4774, 2.22837, 0.0891917, -3.93634, 1.7099, 0.0544673, -3.4774, -2.22836, -0.0891889, 3.93634, -1.7099, -0.0544673, 99,
