0, 1.5708
0.01, 1.5708
0.02, 1.56834
0.03, 1.56344
0.04, 1.55608
0.05, 1.54627
0.06, 1.53401
0.07, 1.5193
0.08, 1.50213
0.09, 1.48252
0.1, 1.46046
0.11, 1.43595
0.12, 1.40901
0.13, 1.37964
0.14, 1.34785
0.15, 1.31365
0.16, 1.27706
0.17, 1.23809
0.18, 1.19678
0.19, 1.15315
0.2, 1.10724
0.21, 1.05909
0.22, 1.00874
0.23, 0.956254
0.24, 0.901693
0.25, 0.845129
0.26, 0.786641
0.27, 0.726318
0.28, 0.664258
0.29, 0.60057
0.3, 0.53537
0.31, 0.468785
0.32, 0.400948
0.33, 0.332003
0.34, 0.2621
0.35, 0.191399
0.36, 0.120062
0.37, 0.0482579
0.38, -0.0238394
0.39, -0.0960551
0.4, -0.168212
0.41, -0.240134
0.42, -0.311646
0.43, -0.382574
0.44, -0.45275
0.45, -0.522011
0.46, -0.590198
0.47, -0.657163
0.48, -0.722763
0.49, -0.786865
0.5, -0.849345
0.51, -0.910087
0.52, -0.968989
0.53, -1.02595
0.54, -1.0809
0.55, -1.13374
0.56, -1.18443
0.57, -1.23289
0.58, -1.27907
0.59, -1.32295
0.6, -1.36447
0.61, -1.40362
0.62, -1.44037
0.63, -1.4747
0.64, -1.5066
0.65, -1.53605
0.66, -1.56306
0.67, -1.58762
0.68, -1.60972
0.69, -1.62938
0.7, -1.64658
0.71, -1.66134
0.72, -1.67364
0.73, -1.68351
0.74, -1.69094
0.75, -1.69593
0.76, -1.69848
0.77, -1.6986
0.78, -1.69629
0.79, -1.69155
0.8, -1.68437
0.81, -1.67476
0.82, -1.66272
0.83, -1.64823
0.84, -1.6313
0.85, -1.61193
0.86, -1.5901
0.87, -1.56583
0.88, -1.53911
0.89, -1.50993
0.9, -1.4783
0.91, -1.44422
0.92, -1.40771
0.93, -1.36875
0.94, -1.32738
0.95, -1.28361
0.96, -1.23745
0.97, -1.18895
0.98, -1.13812
0.99, -1.08503
1, -1.0297
1.01, -0.972204
1.02, -0.912607
1.03, -0.850984
1.04, -0.787421
1.05, -0.722014
1.06, -0.654869
1.07, -0.586103
1.08, -0.515843
1.09, -0.444227
1.1, -0.371401
1.11, -0.297522
1.12, -0.222752
1.13, -0.147263
1.14, -0.0712323
1.15, 0.0051582
1.16, 0.0817232
1.17, 0.158276
1.18, 0.234628
1.19, 0.310593
1.2, 0.385989
1.21, 0.460635
1.22, 0.534358
1.23, 0.60699
1.24, 0.678373
1.25, 0.748358
1.26, 0.816803
1.27, 0.88358
1.28, 0.948569
1.29, 1.01166
1.3, 1.07276
1.31, 1.13178
1.32, 1.18865
1.33, 1.2433
1.34, 1.29567
1.35, 1.34572
1.36, 1.39341
1.37, 1.4387
1.38, 1.48159
1.39, 1.52204
1.4, 1.56005
1.41, 1.59561
1.42, 1.62872
1.43, 1.65938
1.44, 1.68759
1.45, 1.71335
1.46, 1.73668
1.47, 1.75758
1.48, 1.77606
1.49, 1.79214
1.5, 1.80581
1.51, 1.81709
1.52, 1.82598
1.53, 1.8325
1.54, 1.83664
1.55, 1.83842
1.56, 1.83782
1.57, 1.83487
1.58, 1.82954
1.59, 1.82185
1.6, 1.81179
1.61, 1.79935
1.62, 1.78453
1.63, 1.76733
1.64, 1.74772
1.65, 1.72571
1.66, 1.70129
1.67, 1.67444
1.68, 1.64516
1.69, 1.61345
1.7, 1.57928
1.71, 1.54267
1.72, 1.5036
1.73, 1.46208
1.74, 1.41812
1.75, 1.37172
1.76, 1.32289
1.77, 1.27166
1.78, 1.21805
1.79, 1.1621
1.8, 1.10384
1.81, 1.04334
1.82, 0.980647
1.83, 0.915834
1.84, 0.848983
1.85, 0.780187
1.86, 0.70955
1.87, 0.637189
1.88, 0.563229
1.89, 0.48781
1.9, 0.411082
1.91, 0.333205
1.92, 0.254347
1.93, 0.174687
1.94, 0.0944106
1.95, 0.0137075
1.96, -0.0672267
1.97, -0.148195
1.98, -0.228998
1.99, -0.309439
2, -0.389323
2.01, -0.46846
2.02, -0.546667
2.03, -0.623766
2.04, -0.699591
2.05, -0.773982
2.06, -0.846795
2.07, -0.917893
2.08, -0.987154
2.09, -1.05447
2.1, -1.11973
2.11, -1.18287
2.12, -1.24379
2.13, -1.30245
2.14, -1.35878
2.15, -1.41275
2.16, -1.46432
2.17, -1.51347
2.18, -1.56018
2.19, -1.60445
2.2, -1.64626
2.21, -1.68562
2.22, -1.72253
2.23, -1.75701
2.24, -1.78906
2.25, -1.8187
2.26, -1.84595
2.27, -1.87082
2.28, -1.89333
2.29, -1.9135
2.3, -1.93134
2.31, -1.94687
2.32, -1.96011
2.33, -1.97106
2.34, -1.97975
2.35, -1.98618
2.36, -1.99036
2.37, -1.99229
2.38, -1.99198
2.39, -1.98944
2.4, -1.98466
2.41, -1.97764
2.42, -1.96837
2.43, -1.95685
2.44, -1.94307
2.45, -1.92701
2.46, -1.90867
2.47, -1.88804
2.48, -1.86509
2.49, -1.83981
2.5, -1.81218
2.51, -1.78219
2.52, -1.74981
2.53, -1.71504
2.54, -1.67786
2.55, -1.63824
2.56, -1.59619
2.57, -1.5517
2.58, -1.50475
2.59, -1.45535
2.6, -1.4035
2.61, -1.34922
2.62, -1.29251
2.63, -1.23342
2.64, -1.17197
2.65, -1.1082
2.66, -1.04217
2.67, -0.973948
2.68, -0.903608
2.69, -0.83124
2.7, -0.756945
2.71, -0.680839
2.72, -0.603048
2.73, -0.523713
2.74, -0.442988
2.75, -0.361035
2.76, -0.278032
2.77, -0.194163
2.78, -0.10962
2.79, -0.024604
2.8, 0.0606803
2.81, 0.146025
2.82, 0.231221
2.83, 0.31606
2.84, 0.400337
2.85, 0.483851
2.86, 0.56641
2.87, 0.647828
2.88, 0.72793
2.89, 0.806552
2.9, 0.883542
2.91, 0.958762
2.92, 1.03209
2.93, 1.1034
2.94, 1.17261
2.95, 1.23964
2.96, 1.3044
2.97, 1.36684
2.98, 1.42692
2.99, 1.48459
3, 1.53984
3.01, 1.59264
3.02, 1.64299
3.03, 1.6909
3.04, 1.73635
3.05, 1.77937
3.06, 1.81997
3.07, 1.85817
3.08, 1.894
3.09, 1.92747
3.1, 1.95862
3.11, 1.98747
3.12, 2.01405
3.13, 2.03838
3.14, 2.0605
3.15, 2.08043
3.16, 2.0982
3.17, 2.11383
3.18, 2.12733
3.19, 2.13874
3.2, 2.14807
3.21, 2.15532
3.22, 2.16053
3.23, 2.16368
3.24, 2.1648
3.25, 2.16389
3.26, 2.16094
3.27, 2.15596
3.28, 2.14894
3.29, 2.13988
3.3, 2.12876
3.31, 2.11557
3.32, 2.10031
3.33, 2.08295
3.34, 2.06347
3.35, 2.04186
3.36, 2.01808
3.37, 1.99212
3.38, 1.96394
3.39, 1.93353
3.4, 1.90086
3.41, 1.86589
3.42, 1.8286
3.43, 1.78896
3.44, 1.74695
3.45, 1.70255
3.46, 1.65574
3.47, 1.60649
3.48, 1.5548
3.49, 1.50065
3.5, 1.44406
3.51, 1.38502
3.52, 1.32354
3.53, 1.25966
3.54, 1.1934
3.55, 1.1248
3.56, 1.05392
3.57, 0.980835
3.58, 0.905614
3.59, 0.828355
3.6, 0.749166
3.61, 0.668169
3.62, 0.585503
3.63, 0.501317
3.64, 0.415776
3.65, 0.329057
3.66, 0.241347
3.67, 0.152844
3.68, 0.063755
3.69, -0.0257073
3.7, -0.115326
3.71, -0.204881
3.72, -0.294155
3.73, -0.382929
3.74, -0.470992
3.75, -0.558139
3.76, -0.644173
3.77, -0.728909
3.78, -0.812171
3.79, -0.8938
3.8, -0.973649
3.81, -1.05159
3.82, -1.1275
3.83, -1.20128
3.84, -1.27284
3.85, -1.34212
3.86, -1.40905
3.87, -1.47359
3.88, -1.53572
3.89, -1.5954
3.9, -1.65263
3.91, -1.70741
3.92, -1.75975
3.93, -1.80966
3.94, -1.85715
3.95, -1.90227
3.96, -1.94503
3.97, -1.98547
3.98, -2.02363
3.99, -2.05955
4, -2.09326
4.01, -2.1248
4.02, -2.15422
4.03, -2.18156
4.04, -2.20684
4.05, -2.23012
4.06, -2.25143
4.07, -2.27079
4.08, -2.28825
4.09, -2.30384
4.1, -2.31758
4.11, -2.32949
4.12, -2.33961
4.13, -2.34794
4.14, -2.35451
4.15, -2.35934
4.16, -2.36242
4.17, -2.36378
4.18, -2.36341
4.19, -2.36133
4.2, -2.35752
4.21, -2.35199
4.22, -2.34472
4.23, -2.33571
4.24, -2.32495
4.25, -2.31242
4.26, -2.2981
4.27, -2.28198
4.28, -2.26402
4.29, -2.2442
4.3, -2.2225
4.31, -2.19888
4.32, -2.17331
4.33, -2.14576
4.34, -2.11618
4.35, -2.08455
4.36, -2.05082
4.37, -2.01496
4.38, -1.97692
4.39, -1.93666
4.4, -1.89415
4.41, -1.84936
4.42, -1.80223
4.43, -1.75275
4.44, -1.70088
4.45, -1.6466
4.46, -1.58989
4.47, -1.53073
4.48, -1.46912
4.49, -1.40506
4.5, -1.33856
4.51, -1.26964
4.52, -1.19833
4.53, -1.12468
4.54, -1.04875
4.55, -0.970608
4.56, -0.890337
4.57, -0.808042
4.58, -0.723841
4.59, -0.637867
4.6, -0.550269
4.61, -0.46121
4.62, -0.370869
4.63, -0.279437
4.64, -0.187116
4.65, -0.0941178
4.66, -0.000663829
4.67, 0.0930206
4.68, 0.186707
4.69, 0.280165
4.7, 0.373168
4.71, 0.465493
4.72, 0.556924
4.73, 0.647254
4.74, 0.736287
4.75, 0.823842
4.76, 0.90975
4.77, 0.993858
4.78, 1.07603
4.79, 1.15615
4.8, 1.23411
4.81, 1.30982
4.82, 1.38322
4.83, 1.45425
4.84, 1.52287
4.85, 1.58905
4.86, 1.65279
4.87, 1.71407
4.88, 1.77291
4.89, 1.82932
4.9, 1.88333
4.91, 1.93496
4.92, 1.98427
4.93, 2.03128
4.94, 2.07605
4.95, 2.11861
4.96, 2.15904
4.97, 2.19737
4.98, 2.23366
4.99, 2.26796
5, 2.30033
5.01, 2.33082
5.02, 2.35948
5.03, 2.38636
5.04, 2.41151
5.05, 2.43499
5.06, 2.45683
5.07, 2.47707
5.08, 2.49577
5.09, 2.51295
5.1, 2.52865
5.11, 2.54292
5.12, 2.55577
5.13, 2.56724
5.14, 2.57736
5.15, 2.58614
5.16, 2.59361
5.17, 2.59979
5.18, 2.60469
5.19, 2.60832
5.2, 2.6107
5.21, 2.61184
5.22, 2.61173
5.23, 2.61038
5.24, 2.60779
5.25, 2.60397
5.26, 2.59889
5.27, 2.59256
5.28, 2.58496
5.29, 2.57608
5.3, 2.5659
5.31, 2.55441
5.32, 2.54159
5.33, 2.52741
5.34, 2.51184
5.35, 2.49486
5.36, 2.47643
5.37, 2.45653
5.38, 2.43511
5.39, 2.41214
5.4, 2.38758
5.41, 2.36139
5.42, 2.33351
5.43, 2.30391
5.44, 2.27254
5.45, 2.23935
5.46, 2.20428
5.47, 2.16729
5.48, 2.12832
5.49, 2.08732
5.5, 2.04424
5.51, 1.99903
5.52, 1.95163
5.53, 1.90201
5.54, 1.85011
5.55, 1.79588
5.56, 1.73931
5.57, 1.68034
5.58, 1.61895
5.59, 1.55512
5.6, 1.48885
5.61, 1.42012
5.62, 1.34895
5.63, 1.27536
5.64, 1.19937
5.65, 1.12103
5.66, 1.04041
5.67, 0.957584
5.68, 0.87264
5.69, 0.78569
5.7, 0.696862
5.71, 0.606299
5.72, 0.514162
5.73, 0.420627
5.74, 0.325886
5.75, 0.230144
5.76, 0.133617
5.77, 0.03653
5.78, -0.0608835
5.79, -0.158387
5.8, -0.25574
5.81, -0.352707
5.82, -0.449054
5.83, -0.544554
5.84, -0.638988
5.85, -0.732153
5.86, -0.823854
5.87, -0.913917
5.88, -1.00218
5.89, -1.0885
5.9, -1.17275
5.91, -1.25484
5.92, -1.33466
5.93, -1.41214
5.94, -1.48725
5.95, -1.55993
5.96, -1.63017
5.97, -1.69796
5.98, -1.7633
5.99, -1.8262
6, -1.8867
6.01, -1.94483
6.02, -2.00062
6.03, -2.05414
6.04, -2.10542
6.05, -2.15453
6.06, -2.20153
6.07, -2.24648
6.08, -2.28946
6.09, -2.33052
6.1, -2.36973
6.11, -2.40717
6.12, -2.44289
6.13, -2.47697
6.14, -2.50948
6.15, -2.54047
6.16, -2.57001
6.17, -2.59817
6.18, -2.625
6.19, -2.65056
6.2, -2.67491
6.21, -2.6981
6.22, -2.72019
6.23, -2.74122
6.24, -2.76126
6.25, -2.78034
6.26, -2.7985
6.27, -2.8158
6.28, -2.83228
6.29, -2.84797
6.3, -2.86292
6.31, -2.87715
6.32, -2.89071
6.33, -2.90363
6.34, -2.91594
6.35, -2.92767
6.36, -2.93885
6.37, -2.94952
6.38, -2.95968
6.39, -2.96938
6.4, -2.97864
6.41, -2.98748
6.42, -2.99592
6.43, -3.00398
6.44, -3.01168
6.45, -3.01905
6.46, -3.02611
6.47, -3.03286
6.48, -3.03933
6.49, -3.04553
6.5, -3.05148
6.51, -3.0572
6.52, -3.0627
6.53, -3.06799
6.54, -3.07309
6.55, -3.078
6.56, -3.08275
6.57, -3.08734
6.58, -3.09179
6.59, -3.09611
6.6, -3.1003
6.61, -3.10439
6.62, -3.10837
6.63, -3.11226
6.64, -3.11606
6.65, -3.1198
6.66, -3.12347
6.67, -3.12709
6.68, -3.13067
6.69, -3.13421
6.7, -3.13772
6.71, -3.14122
6.72, -3.14471
6.73, -3.14819
6.74, -3.15168
6.75, -3.15519
6.76, -3.15873
6.77, -3.16229
6.78, -3.1659
6.79, -3.16956
6.8, -3.17328
6.81, -3.17707
6.82, -3.18093
6.83, -3.18489
6.84, -3.18894
6.85, -3.19309
6.86, -3.19736
6.87, -3.20176
6.88, -3.20629
6.89, -3.21098
6.9, -3.21582
6.91, -3.22083
6.92, -3.22602
6.93, -3.2314
6.94, -3.237
6.95, -3.24281
6.96, -3.24886
6.97, -3.25515
6.98, -3.26171
6.99, -3.26854
7, -3.27567
7.01, -3.28311
7.02, -3.29088
7.03, -3.29899
7.04, -3.30747
7.05, -3.31633
7.06, -3.3256
7.07, -3.33529
7.08, -3.34543
7.09, -3.35605
7.1, -3.36716
7.11, -3.37879
7.12, -3.39097
7.13, -3.40373
7.14, -3.41709
7.15, -3.43109
7.16, -3.44576
7.17, -3.46112
7.18, -3.47723
7.19, -3.4941
7.2, -3.51177
7.21, -3.5303
7.22, -3.54971
7.23, -3.57005
7.24, -3.59137
7.25, -3.6137
7.26, -3.6371
7.27, -3.66162
7.28, -3.6873
7.29, -3.7142
7.3, -3.74238
7.31, -3.77188
7.32, -3.80277
7.33, -3.8351
7.34, -3.86894
7.35, -3.90435
7.36, -3.94139
7.37, -3.98012
7.38, -4.02061
7.39, -4.06293
7.4, -4.10713
7.41, -4.15329
7.42, -4.20146
7.43, -4.25172
7.44, -4.30411
7.45, -4.3587
7.46, -4.41554
7.47, -4.47468
7.48, -4.53617
7.49, -4.60004
7.5, -4.66632
7.51, -4.73504
7.52, -4.80622
7.53, -4.87984
7.54, -4.9559
7.55, -5.03439
7.56, -5.11525
7.57, -5.19844
7.58, -5.28389
7.59, -5.3715
7.6, -5.46118
7.61, -5.55279
7.62, -5.64621
7.63, -5.74125
7.64, -5.83776
7.65, -5.93553
7.66, -6.03436
7.67, -6.13403
7.68, -6.2343
7.69, -6.33493
7.7, -6.43568
7.71, -6.53631
7.72, -6.63656
7.73, -6.7362
7.74, -6.83499
7.75, -6.93271
7.76, -7.02914
7.77, -7.12409
7.78, -7.21737
7.79, -7.30883
7.8, -7.39831
7.81, -7.4857
7.82, -7.57088
7.83, -7.65378
7.84, -7.73432
7.85, -7.81246
7.86, -7.88816
7.87, -7.96142
7.88, -8.03222
7.89, -8.10058
7.9, -8.16653
7.91, -8.2301
7.92, -8.29134
7.93, -8.3503
7.94, -8.40703
7.95, -8.46161
7.96, -8.5141
7.97, -8.56458
7.98, -8.61312
7.99, -8.6598
8, -8.70471
8.01, -8.74791
8.02, -8.7895
8.03, -8.82955
8.04, -8.86814
8.05, -8.90536
8.06, -8.94129
8.07, -8.976
8.08, -9.00956
8.09, -9.04207
8.1, -9.07358
8.11, -9.10418
8.12, -9.13393
8.13, -9.16291
8.14, -9.19119
8.15, -9.21884
8.16, -9.24591
8.17, -9.27249
8.18, -9.29862
8.19, -9.32439
8.2, -9.34985
8.21, -9.37506
8.22, -9.40008
8.23, -9.42499
8.24, -9.44984
8.25, -9.47468
8.26, -9.49959
8.27, -9.52462
8.28, -9.54983
8.29, -9.57529
8.3, -9.60105
8.31, -9.62718
8.32, -9.65374
8.33, -9.6808
8.34, -9.70841
8.35, -9.73664
8.36, -9.76556
8.37, -9.79523
8.38, -9.82572
8.39, -9.8571
8.4, -9.88943
8.41, -9.9228
8.42, -9.95726
8.43, -9.99289
8.44, -10.0298
8.45, -10.068
8.46, -10.1076
8.47, -10.1486
8.48, -10.1912
8.49, -10.2355
8.5, -10.2814
8.51, -10.3291
8.52, -10.3787
8.53, -10.4302
8.54, -10.4837
8.55, -10.5392
8.56, -10.597
8.57, -10.6569
8.58, -10.719
8.59, -10.7835
8.6, -10.8503
8.61, -10.9196
8.62, -10.9912
8.63, -11.0653
8.64, -11.1419
8.65, -11.2209
8.66, -11.3023
8.67, -11.3862
8.68, -11.4723
8.69, -11.5608
8.7, -11.6514
8.71, -11.7441
8.72, -11.8387
8.73, -11.9351
8.74, -12.0331
8.75, -12.1326
8.76, -12.2334
8.77, -12.3352
8.78, -12.4377
8.79, -12.5409
8.8, -12.6443
8.81, -12.7479
8.82, -12.8512
8.83, -12.9541
8.84, -13.0563
8.85, -13.1575
8.86, -13.2576
8.87, -13.3564
8.88, -13.4536
8.89, -13.549
8.9, -13.6426
8.91, -13.7341
8.92, -13.8234
8.93, -13.9105
8.94, -13.9952
8.95, -14.0776
8.96, -14.1575
8.97, -14.235
8.98, -14.31
8.99, -14.3826
9, -14.4528
9.01, -14.5206
9.02, -14.5861
9.03, -14.6493
9.04, -14.7103
9.05, -14.7691
9.06, -14.8259
9.07, -14.8807
9.08, -14.9336
9.09, -14.9847
9.1, -15.0341
9.11, -15.0819
9.12, -15.1281
9.13, -15.1729
9.14, -15.2164
9.15, -15.2586
9.16, -15.2996
9.17, -15.3396
9.18, -15.3786
9.19, -15.4167
9.2, -15.4541
9.21, -15.4907
9.22, -15.5267
9.23, -15.5622
9.24, -15.5973
9.25, -15.6319
9.26, -15.6664
9.27, -15.7006
9.28, -15.7347
9.29, -15.7688
9.3, -15.803
9.31, -15.8373
9.32, -15.8719
9.33, -15.9068
9.34, -15.942
9.35, -15.9778
9.36, -16.0141
9.37, -16.0511
9.38, -16.0888
9.39, -16.1274
9.4, -16.1668
9.41, -16.2073
9.42, -16.2488
9.43, -16.2915
9.44, -16.3355
9.45, -16.3808
9.46, -16.4276
9.47, -16.4759
9.48, -16.5258
9.49, -16.5774
9.5, -16.6308
9.51, -16.6861
9.52, -16.7434
9.53, -16.8026
9.54, -16.864
9.55, -16.9276
9.56, -16.9934
9.57, -17.0615
9.58, -17.1319
9.59, -17.2048
9.6, -17.2801
9.61, -17.3578
9.62, -17.438
9.63, -17.5206
9.64, -17.6057
9.65, -17.6931
9.66, -17.7828
9.67, -17.8748
9.68, -17.969
9.69, -18.0652
9.7, -18.1632
9.71, -18.263
9.72, -18.3644
9.73, -18.4671
9.74, -18.5709
9.75, -18.6757
9.76, -18.7811
9.77, -18.887
9.78, -18.993
9.79, -19.099
9.8, -19.2046
9.81, -19.3095
9.82, -19.4137
9.83, -19.5167
9.84, -19.6185
9.85, -19.7187
9.86, -19.8172
9.87, -19.9138
9.88, -20.0084
9.89, -20.1009
9.9, -20.1911
9.91, -20.279
9.92, -20.3645
9.93, -20.4476
9.94, -20.5282
9.95, -20.6064
9.96, -20.6822
9.97, -20.7555
9.98, -20.8265
9.99, -20.8951
10, -20.9615
10.01, -21.0257
10.02, -21.0878
10.03, -21.1479
10.04, -21.2061
10.05, -21.2624
10.06, -21.317
10.07, -21.37
10.08, -21.4214
10.09, -21.4714
10.1, -21.5201
10.11, -21.5676
10.12, -21.614
10.13, -21.6593
10.14, -21.7038
10.15, -21.7474
10.16, -21.7904
10.17, -21.8327
10.18, -21.8746
10.19, -21.9161
10.2, -21.9573
10.21, -21.9983
10.22, -22.0392
10.23, -22.0802
10.24, -22.1212
10.25, -22.1625
10.26, -22.2041
10.27, -22.2461
10.28, -22.2887
10.29, -22.3318
10.3, -22.3757
10.31, -22.4204
10.32, -22.466
10.33, -22.5127
10.34, -22.5604
10.35, -22.6094
10.36, -22.6597
10.37, -22.7114
10.38, -22.7647
10.39, -22.8195
10.4, -22.8761
10.41, -22.9345
10.42, -22.9948
10.43, -23.0571
10.44, -23.1214
10.45, -23.1879
10.46, -23.2566
10.47, -23.3275
10.48, -23.4009
10.49, -23.4766
10.5, -23.5547
10.51, -23.6353
10.52, -23.7183
10.53, -23.8038
10.54, -23.8917
10.55, -23.9819
10.56, -24.0745
10.57, -24.1694
10.58, -24.2663
10.59, -24.3653
10.6, -24.4662
10.61, -24.5687
10.62, -24.6728
10.63, -24.7782
10.64, -24.8847
10.65, -24.992
10.66, -25.0999
10.67, -25.2082
10.68, -25.3165
10.69, -25.4247
10.7, -25.5324
10.71, -25.6394
10.72, -25.7455
10.73, -25.8503
10.74, -25.9538
10.75, -26.0556
10.76, -26.1557
10.77, -26.2538
10.78, -26.3498
10.79, -26.4436
10.8, -26.5351
10.81, -26.6242
10.82, -26.7109
10.83, -26.7951
10.84, -26.8769
10.85, -26.9563
10.86, -27.0333
10.87, -27.1078
10.88, -27.1801
10.89, -27.2501
10.9, -27.3179
10.91, -27.3836
10.92, -27.4473
10.93, -27.5092
10.94, -27.5692
10.95, -27.6275
10.96, -27.6842
10.97, -27.7394
10.98, -27.7933
10.99, -27.8459
11, -27.8974
11.01, -27.9479
11.02, -27.9975
11.03, -28.0463
11.04, -28.0944
11.05, -28.1419
11.06, -28.189
11.07, -28.2358
11.08, -28.2824
11.09, -28.3289
11.1, -28.3754
11.11, -28.4221
11.12, -28.469
11.13, -28.5162
11.14, -28.564
11.15, -28.6123
11.16, -28.6613
11.17, -28.7111
11.18, -28.7619
11.19, -28.8137
11.2, -28.8666
11.21, -28.9208
11.22, -28.9764
11.23, -29.0334
11.24, -29.0921
11.25, -29.1524
11.26, -29.2145
11.27, -29.2785
11.28, -29.3445
11.29, -29.4125
11.3, -29.4827
11.31, -29.5551
11.32, -29.6299
11.33, -29.7069
11.34, -29.7864
11.35, -29.8683
11.36, -29.9526
11.37, -30.0394
11.38, -30.1286
11.39, -30.2203
11.4, -30.3143
11.41, -30.4105
11.42, -30.509
11.43, -30.6095
11.44, -30.712
11.45, -30.8162
11.46, -30.9221
11.47, -31.0293
11.48, -31.1376
11.49, -31.2469
11.5, -31.3569
11.51, -31.4673
11.52, -31.5778
11.53, -31.6882
11.54, -31.7982
11.55, -31.9075
11.56, -32.016
11.57, -32.1232
11.58, -32.2291
11.59, -32.3334
11.6, -32.4359
11.61, -32.5365
11.62, -32.635
11.63, -32.7312
11.64, -32.8252
11.65, -32.9168
11.66, -33.0059
11.67, -33.0927
11.68, -33.1769
11.69, -33.2588
11.7, -33.3382
11.71, -33.4153
11.72, -33.49
11.73, -33.5625
11.74, -33.6329
11.75, -33.7013
11.76, -33.7676
11.77, -33.8321
11.78, -33.8949
11.79, -33.956
11.8, -34.0157
11.81, -34.0739
11.82, -34.1309
11.83, -34.1867
11.84, -34.2416
11.85, -34.2955
11.86, -34.3487
11.87, -34.4012
11.88, -34.4533
11.89, -34.5049
11.9, -34.5563
11.91, -34.6076
11.92, -34.6588
11.93, -34.7102
11.94, -34.7619
11.95, -34.8139
11.96, -34.8664
11.97, -34.9195
11.98, -34.9734
11.99, -35.0281
12, -35.0838
12.01, -35.1407
12.02, -35.1988
12.03, -35.2582
12.04, -35.3191
12.05, -35.3816
12.06, -35.4457
12.07, -35.5117
12.08, -35.5796
12.09, -35.6494
12.1, -35.7214
12.11, -35.7955
12.12, -35.8719
12.13, -35.9506
12.14, -36.0317
12.15, -36.1152
12.16, -36.2011
12.17, -36.2895
12.18, -36.3804
12.19, -36.4736
12.2, -36.5692
12.21, -36.6672
12.22, -36.7673
12.23, -36.8696
12.24, -36.9738
12.25, -37.0799
12.26, -37.1875
12.27, -37.2966
12.28, -37.4069
12.29, -37.5182
12.3, -37.6301
12.31, -37.7425
12.32, -37.8551
12.33, -37.9676
12.34, -38.0796
12.35, -38.1911
12.36, -38.3016
12.37, -38.4109
12.38, -38.5189
12.39, -38.6253
12.4, -38.7299
12.41, -38.8325
12.42, -38.933
12.43, -39.0313
12.44, -39.1272
12.45, -39.2208
12.46, -39.312
12.47, -39.4007
12.48, -39.487
12.49, -39.5708
12.5, -39.6523
12.51, -39.7314
12.52, -39.8082
12.53, -39.8828
12.54, -39.9553
12.55, -40.0258
12.56, -40.0944
12.57, -40.1613
12.58, -40.2264
12.59, -40.2901
12.6, -40.3523
12.61, -40.4132
12.62, -40.473
12.63, -40.5317
12.64, -40.5896
12.65, -40.6467
12.66, -40.7033
12.67, -40.7593
12.68, -40.815
12.69, -40.8705
12.7, -40.926
12.71, -40.9815
12.72, -41.0373
12.73, -41.0933
12.74, -41.1499
12.75, -41.2071
12.76, -41.265
12.77, -41.3238
12.78, -41.3836
12.79, -41.4445
12.8, -41.5067
12.81, -41.5703
12.82, -41.6354
12.83, -41.7022
12.84, -41.7707
12.85, -41.8411
12.86, -41.9134
12.87, -41.9878
12.88, -42.0643
12.89, -42.1431
12.9, -42.2242
12.91, -42.3077
12.92, -42.3935
12.93, -42.4818
12.94, -42.5726
12.95, -42.6658
12.96, -42.7614
12.97, -42.8594
12.98, -42.9597
12.99, -43.0622
13, -43.1668
13.01, -43.2734
13.02, -43.3817
13.03, -43.4917
13.04, -43.603
13.05, -43.7155
13.06, -43.8289
13.07, -43.9429
13.08, -44.0573
13.09, -44.1718
13.1, -44.2861
13.11, -44.4
13.12, -44.5131
13.13, -44.6253
13.14, -44.7361
13.15, -44.8456
13.16, -44.9533
13.17, -45.0592
13.18, -45.163
13.19, -45.2647
13.2, -45.3642
13.21, -45.4612
13.22, -45.5559
13.23, -45.6481
13.24, -45.7379
13.25, -45.8252
13.26, -45.9101
13.27, -45.9927
13.28, -46.0729
13.29, -46.151
13.3, -46.2269
13.31, -46.3008
13.32, -46.3727
13.33, -46.4429
13.34, -46.5114
13.35, -46.5784
13.36, -46.6439
13.37, -46.7082
13.38, -46.7713
13.39, -46.8334
13.4, -46.8947
13.41, -46.9553
13.42, -47.0154
13.43, -47.075
13.44, -47.1344
13.45, -47.1936
13.46, -47.2529
13.47, -47.3123
13.48, -47.3721
13.49, -47.4323
13.5, -47.4931
13.51, -47.5546
13.52, -47.6171
13.53, -47.6806
13.54, -47.7452
13.55, -47.8111
13.56, -47.8785
13.57, -47.9474
13.58, -48.018
13.59, -48.0904
13.6, -48.1647
13.61, -48.241
13.62, -48.3194
13.63, -48.4
13.64, -48.483
13.65, -48.5682
13.66, -48.6559
13.67, -48.746
13.68, -48.8385
13.69, -48.9335
13.7, -49.031
13.71, -49.1308
13.72, -49.2329
13.73, -49.3372
13.74, -49.4437
13.75, -49.5521
13.76, -49.6623
13.77, -49.7741
13.78, -49.8873
13.79, -50.0017
13.8, -50.117
13.81, -50.2329
13.82, -50.3492
13.83, -50.4655
13.84, -50.5817
13.85, -50.6973
13.86, -50.8122
13.87, -50.9261
13.88, -51.0387
13.89, -51.1498
13.9, -51.2591
13.91, -51.3666
13.92, -51.4721
13.93, -51.5753
13.94, -51.6762
13.95, -51.7748
13.96, -51.871
13.97, -51.9647
13.98, -52.0559
13.99, -52.1448
14, -52.2312
14.01, -52.3153
14.02, -52.3971
14.03, -52.4768
14.04, -52.5544
14.05, -52.63
14.06, -52.7037
14.07, -52.7758
14.08, -52.8462
14.09, -52.9152
14.1, -52.983
14.11, -53.0495
14.12, -53.115
14.13, -53.1797
14.14, -53.2437
14.15, -53.3071
14.16, -53.3701
14.17, -53.4329
14.18, -53.4956
14.19, -53.5584
14.2, -53.6213
14.21, -53.6847
14.22, -53.7485
14.23, -53.8131
14.24, -53.8784
14.25, -53.9447
14.26, -54.0122
14.27, -54.0809
14.28, -54.1509
14.29, -54.2226
14.3, -54.2958
14.31, -54.3709
14.32, -54.4479
14.33, -54.5268
14.34, -54.6079
14.35, -54.6912
14.36, -54.7768
14.37, -54.8648
14.38, -54.9551
14.39, -55.0479
14.4, -55.1431
14.41, -55.2408
14.42, -55.3409
14.43, -55.4434
14.44, -55.5482
14.45, -55.6551
14.46, -55.7641
14.47, -55.8751
14.48, -55.9877
14.49, -56.1019
14.5, -56.2174
14.51, -56.334
14.52, -56.4513
14.53, -56.5692
14.54, -56.6873
14.55, -56.8054
14.56, -56.9231
14.57, -57.0402
14.58, -57.1564
14.59, -57.2714
14.6, -57.3851
14.61, -57.4971
14.62, -57.6073
14.63, -57.7155
14.64, -57.8216
14.65, -57.9254
14.66, -58.0269
14.67, -58.126
14.68, -58.2226
14.69, -58.3168
14.7, -58.4085
14.71, -58.4978
14.72, -58.5848
14.73, -58.6695
14.74, -58.752
14.75, -58.8324
14.76, -58.9109
14.77, -58.9875
14.78, -59.0623
14.79, -59.1356
14.8, -59.2074
14.81, -59.278
14.82, -59.3474
14.83, -59.4158
14.84, -59.4834
14.85, -59.5503
14.86, -59.6167
14.87, -59.6828
14.88, -59.7487
14.89, -59.8146
14.9, -59.8807
14.91, -59.947
14.92, -60.0138
14.93, -60.0812
14.94, -60.1494
14.95, -60.2185
14.96, -60.2888
14.97, -60.3602
14.98, -60.4331
14.99, -60.5074
15, -60.5835
15.01, -60.6613
15.02, -60.741
15.03, -60.8227
15.04, -60.9066
15.05, -60.9927
15.06, -61.0811
15.07, -61.1719
15.08, -61.265
15.09, -61.3606
15.1, -61.4587
15.11, -61.5592
15.12, -61.6621
15.13, -61.7674
15.14, -61.8749
15.15, -61.9846
15.16, -62.0962
15.17, -62.2097
15.18, -62.3249
15.19, -62.4415
15.2, -62.5592
15.21, -62.6779
15.22, -62.7973
15.23, -62.917
15.24, -63.0368
15.25, -63.1565
15.26, -63.2756
15.27, -63.3939
15.28, -63.5112
15.29, -63.6272
15.3, -63.7416
15.31, -63.8543
15.32, -63.965
15.33, -64.0737
15.34, -64.1801
15.35, -64.2842
15.36, -64.3859
15.37, -64.4852
15.38, -64.582
15.39, -64.6764
15.4, -64.7684
15.41, -64.858
15.42, -64.9453
15.43, -65.0305
15.44, -65.1135
15.45, -65.1945
15.46, -65.2737
15.47, -65.3511
15.48, -65.427
15.49, -65.5014
15.5, -65.5746
15.51, -65.6467
15.52, -65.7178
15.53, -65.7881
15.54, -65.8578
15.55, -65.927
15.56, -65.996
15.57, -66.0648
15.58, -66.1337
15.59, -66.2029
15.6, -66.2724
15.61, -66.3424
15.62, -66.4132
15.63, -66.4849
15.64, -66.5576
15.65, -66.6316
15.66, -66.7068
15.67, -66.7836
15.68, -66.862
15.69, -66.9422
15.7, -67.0243
15.71, -67.1085
15.72, -67.1947
15.73, -67.2832
15.74, -67.374
15.75, -67.4671
15.76, -67.5627
15.77, -67.6607
15.78, -67.7611
15.79, -67.864
15.8, -67.9693
15.81, -68.0769
15.82, -68.1868
15.83, -68.2988
15.84, -68.4127
15.85, -68.5284
15.86, -68.6457
15.87, -68.7644
15.88, -68.8841
15.89, -69.0047
15.9, -69.1259
15.91, -69.2473
15.92, -69.3688
15.93, -69.4899
15.94, -69.6103
15.95, -69.7299
15.96, -69.8483
15.97, -69.9653
15.98, -70.0807
15.99, -70.1942
16, -70.3057
16.01, -70.415
16.02, -70.5221
16.03, -70.6268
16.04, -70.729
16.05, -70.8289
16.06, -70.9262
16.07, -71.0212
16.08, -71.1138
16.09, -71.204
16.1, -71.292
16.11, -71.3779
16.12, -71.4618
16.13, -71.5438
16.14, -71.624
16.15, -71.7026
16.16, -71.7798
16.17, -71.8557
16.18, -71.9305
16.19, -72.0043
16.2, -72.0773
16.21, -72.1497
16.22, -72.2217
16.23, -72.2934
16.24, -72.365
16.25, -72.4367
16.26, -72.5087
16.27, -72.5811
16.28, -72.6541
16.29, -72.728
16.3, -72.8027
16.31, -72.8786
16.32, -72.9557
16.33, -73.0343
16.34, -73.1145
16.35, -73.1964
16.36, -73.2801
16.37, -73.3658
16.38, -73.4536
16.39, -73.5436
16.4, -73.6359
16.41, -73.7305
16.42, -73.8276
16.43, -73.9271
16.44, -74.029
16.45, -74.1334
16.46, -74.2402
16.47, -74.3493
16.48, -74.4607
16.49, -74.5742
16.5, -74.6896
16.51, -74.8069
16.52, -74.9258
16.53, -75.046
16.54, -75.1674
16.55, -75.2896
16.56, -75.4123
16.57, -75.5353
16.58, -75.6583
16.59, -75.781
16.6, -75.903
16.61, -76.0241
16.62, -76.144
16.63, -76.2625
16.64, -76.3793
16.65, -76.4943
16.66, -76.6072
16.67, -76.718
16.68, -76.8264
16.69, -76.9325
16.7, -77.0361
16.71, -77.1373
16.72, -77.236
16.73, -77.3324
16.74, -77.4263
16.75, -77.518
16.76, -77.6074
16.77, -77.6948
16.78, -77.7802
16.79, -77.8638
16.8, -77.9457
16.81, -78.026
16.82, -78.105
16.83, -78.1828
16.84, -78.2595
16.85, -78.3354
16.86, -78.4106
16.87, -78.4853
16.88, -78.5596
16.89, -78.6339
16.9, -78.7082
16.91, -78.7827
16.92, -78.8577
16.93, -78.9332
16.94, -79.0095
16.95, -79.0867
16.96, -79.1651
16.97, -79.2447
16.98, -79.3258
16.99, -79.4084
17, -79.4928
17.01, -79.579
17.02, -79.6673
17.03, -79.7577
17.04, -79.8502
17.05, -79.9451
17.06, -80.0424
17.07, -80.142
17.08, -80.2442
17.09, -80.3487
17.1, -80.4557
17.11, -80.5651
17.12, -80.6768
17.13, -80.7907
17.14, -80.9067
17.15, -81.0246
17.16, -81.1441
17.17, -81.2652
17.18, -81.3876
17.19, -81.5109
17.2, -81.6349
17.21, -81.7594
17.22, -81.884
17.23, -82.0084
17.24, -82.1322
17.25, -82.2553
17.26, -82.3774
17.27, -82.4981
17.28, -82.6172
17.29, -82.7345
17.3, -82.8499
17.31, -82.9631
17.32, -83.0741
17.33, -83.1828
17.34, -83.289
17.35, -83.3927
17.36, -83.4941
17.37, -83.5929
17.38, -83.6894
17.39, -83.7836
17.4, -83.8756
17.41, -83.9655
17.42, -84.0533
17.43, -84.1394
17.44, -84.2237
17.45, -84.3064
17.46, -84.3878
17.47, -84.468
17.48, -84.5471
17.49, -84.6254
17.5, -84.703
17.51, -84.7801
17.52, -84.8569
17.53, -84.9337
17.54, -85.0105
17.55, -85.0876
17.56, -85.1651
17.57, -85.2433
17.58, -85.3223
17.59, -85.4023
17.6, -85.4835
17.61, -85.566
17.62, -85.65
17.63, -85.7357
17.64, -85.8232
17.65, -85.9126
17.66, -86.0041
17.67, -86.0978
17.68, -86.1937
17.69, -86.292
17.7, -86.3927
17.71, -86.4958
17.72, -86.6014
17.73, -86.7094
17.74, -86.8198
17.75, -86.9326
17.76, -87.0476
17.77, -87.1646
17.78, -87.2837
17.79, -87.4045
17.8, -87.5268
17.81, -87.6504
17.82, -87.7751
17.83, -87.9006
17.84, -88.0265
17.85, -88.1525
17.86, -88.2784
17.87, -88.4039
17.88, -88.5286
17.89, -88.6522
17.9, -88.7745
17.91, -88.8953
17.92, -89.0143
17.93, -89.1314
17.94, -89.2463
17.95, -89.3589
17.96, -89.4692
17.97, -89.5771
17.98, -89.6826
17.99, -89.7856
18, -89.8861
18.01, -89.9843
18.02, -90.0802
18.03, -90.1739
18.04, -90.2654
18.05, -90.3551
18.06, -90.4428
18.07, -90.5289
18.08, -90.6135
18.09, -90.6968
18.1, -90.7789
18.11, -90.86
18.12, -90.9404
18.13, -91.0201
18.14, -91.0994
18.15, -91.1786
18.16, -91.2577
18.17, -91.3369
18.18, -91.4166
18.19, -91.4968
18.2, -91.5778
18.21, -91.6597
18.22, -91.7427
18.23, -91.827
18.24, -91.9127
18.25, -92.0001
18.26, -92.0893
18.27, -92.1803
18.28, -92.2734
18.29, -92.3687
18.3, -92.4662
18.31, -92.566
18.32, -92.6683
18.33, -92.773
18.34, -92.8801
18.35, -92.9897
18.36, -93.1017
18.37, -93.216
18.38, -93.3325
18.39, -93.4512
18.4, -93.5718
18.41, -93.6941
18.42, -93.818
18.43, -93.9432
18.44, -94.0694
18.45, -94.1963
18.46, -94.3237
18.47, -94.4512
18.48, -94.5785
18.49, -94.7053
18.5, -94.8313
18.51, -94.9562
18.52, -95.0798
18.53, -95.2018
18.54, -95.322
18.55, -95.4401
18.56, -95.5562
18.57, -95.6699
18.58, -95.7813
18.59, -95.8902
18.6, -95.9967
18.61, -96.1007
18.62, -96.2024
18.63, -96.3016
18.64, -96.3986
18.65, -96.4935
18.66, -96.5863
18.67, -96.6771
18.68, -96.7662
18.69, -96.8537
18.7, -96.9398
18.71, -97.0246
18.72, -97.1083
18.73, -97.1912
18.74, -97.2734
18.75, -97.3551
18.76, -97.4365
18.77, -97.5179
18.78, -97.5993
18.79, -97.6811
18.8, -97.7634
18.81, -97.8464
18.82, -97.9303
18.83, -98.0152
18.84, -98.1015
18.85, -98.1891
18.86, -98.2784
18.87, -98.3694
18.88, -98.4624
18.89, -98.5573
18.9, -98.6545
18.91, -98.7538
18.92, -98.8555
18.93, -98.9597
18.94, -99.0662
18.95, -99.1752
18.96, -99.2867
18.97, -99.4005
18.98, -99.5167
18.99, -99.6351
19, -99.7556
19.01, -99.8779
19.02, -100.002
19.03, -100.128
19.04, -100.254
19.05, -100.382
19.06, -100.511
19.07, -100.64
19.08, -100.768
19.09, -100.897
19.1, -101.025
19.11, -101.152
19.12, -101.278
19.13, -101.403
19.14, -101.526
19.15, -101.647
19.16, -101.766
19.17, -101.882
19.18, -101.997
19.19, -102.109
19.2, -102.218
19.21, -102.326
19.22, -102.43
19.23, -102.533
19.24, -102.633
19.25, -102.73
19.26, -102.826
19.27, -102.92
19.28, -103.012
19.29, -103.102
19.3, -103.191
19.31, -103.278
19.32, -103.364
19.33, -103.449
19.34, -103.534
19.35, -103.618
19.36, -103.701
19.37, -103.785
19.38, -103.869
19.39, -103.952
19.4, -104.037
19.41, -104.122
19.42, -104.208
19.43, -104.295
19.44, -104.383
19.45, -104.472
19.46, -104.564
19.47, -104.656
19.48, -104.751
19.49, -104.848
19.5, -104.947
19.51, -105.049
19.52, -105.152
19.53, -105.259
19.54, -105.367
19.55, -105.478
19.56, -105.592
19.57, -105.707
19.58, -105.825
19.59, -105.946
19.6, -106.068
19.61, -106.192
19.62, -106.318
19.63, -106.446
19.64, -106.574
19.65, -106.703
19.66, -106.833
19.67, -106.964
19.68, -107.094
19.69, -107.224
19.7, -107.353
19.71, -107.481
19.72, -107.608
19.73, -107.733
19.74, -107.857
19.75, -107.979
19.76, -108.098
19.77, -108.216
19.78, -108.33
19.79, -108.443
19.8, -108.553
19.81, -108.661
19.82, -108.766
19.83, -108.869
19.84, -108.969
19.85, -109.068
19.86, -109.164
19.87, -109.259
19.88, -109.352
19.89, -109.443
19.9, -109.532
19.91, -109.621
19.92, -109.709
19.93, -109.795
19.94, -109.881
19.95, -109.967
19.96, -110.053
19.97, -110.138
19.98, -110.224
19.99, -110.311
